Handle,Title,Body (HTML),Vendor,Type,Tags,Published,Option1 Name,Option1 Value,Variant SKU,Variant Grams,Variant Inventory Tracker,Variant Inventory Qty,Variant Inventory Policy,Variant Fulfillment Service,Variant Price,Variant Requires Shipping,Variant Taxable,Image Src,Image Position,Image Alt Text,Gift Card,SEO Title,SEO Description,Status,Character (product.metafields.custom.character),Top notes (product.metafields.custom.notes_top),Heart notes (product.metafields.custom.notes_heart),Base notes (product.metafields.custom.notes_base),Story (product.metafields.custom.story),How to wear (product.metafields.custom.how_to_wear),Background colour (product.metafields.custom.background_color),Liquid colour (product.metafields.custom.liquid_color)
rose-oud,Rose & Oud,"<p>Taif rose picked at dawn, resting on a slow base of oud and amber. Bright at first, then deep for hours.</p>",AZAL,Eau de Parfum,"azal, floral, woody, eau-de-parfum",TRUE,Size,50 ml,AZ-NO1-50,380,shopify,50,deny,manual,690.00,TRUE,TRUE,https://raw.githubusercontent.com/MorhafGhziel/azal/main/themes/shopify/assets/bottle-no1_front.webp,1,"No. 1 — Rose & Oud, timeless eau de parfum",FALSE,No. 1 — Rose & Oud — AZAL,"Taif rose picked at dawn, resting on a slow base of oud and amber. Bright at first, then deep for hours.",active,No. 1 — Timeless,"Bergamot, Pink Pepper, Saffron","Taif Rose, Jasmine","Oud, Amber, White Musk","The first fragrance of the house, built around one idea: the moment a rose field wakes up, kept for as long as oud allows.","Two sprays on the pulse points, or one on the collar. It opens fast and settles close to the skin by evening.",#efdcd2,#c9744f
rose-oud,,,,,,,,100 ml,AZ-NO1-100,520,shopify,50,deny,manual,980.00,TRUE,TRUE,,,,,,,,,,,,,,,
amber-night,Amber Night,<p>Cardamom and mandarin warming into amber and vanilla. A fragrance for late evenings and slow conversations.</p>,AZAL,Eau de Parfum,"azal, amber, eau-de-parfum",TRUE,Size,50 ml,AZ-NO2-50,380,shopify,50,deny,manual,640.00,TRUE,TRUE,https://raw.githubusercontent.com/MorhafGhziel/azal/main/themes/shopify/assets/bottle-no2_front.webp,1,"No. 2 — Amber Night, warm eau de parfum",FALSE,No. 2 — Amber Night — AZAL,Cardamom and mandarin warming into amber and vanilla. A fragrance for late evenings and slow conversations.,active,No. 2 — Warm,"Mandarin, Cardamom","Labdanum, Tonka","Amber, Vanilla, Sandalwood","Made for the hour after sunset, when the desert gives back the heat of the day.",One spray at the neck and one on the wrist. Richer on fabric than on skin.,#ead6c2,#7a2e12
amber-night,,,,,,,,100 ml,AZ-NO2-100,520,shopify,50,deny,manual,920.00,TRUE,TRUE,,,,,,,,,,,,,,,
white-musk,White Musk,"<p>Clean skin, soft cotton and a quiet musk that stays close. The lightest voice in the house.</p>",AZAL,Eau de Parfum,"azal, musk, eau-de-parfum",TRUE,Size,50 ml,AZ-NO3-50,380,shopify,50,deny,manual,560.00,TRUE,TRUE,https://raw.githubusercontent.com/MorhafGhziel/azal/main/themes/shopify/assets/bottle-no3_front.webp,1,"No. 3 — White Musk, pure eau de parfum",FALSE,No. 3 — White Musk — AZAL,"Clean skin, soft cotton and a quiet musk that stays close. The lightest voice in the house.",active,No. 3 — Pure,"Pear, Aldehydes","Orris, Cotton Flower","White Musk, Cashmeran",Inspired by linen drying in the morning wind — nothing added that does not need to be there.,"Generously, anywhere. It layers well under No. 1 and No. 2.",#ecebe6,#e9e4da
white-musk,,,,,,,,100 ml,AZ-NO3-100,520,shopify,50,deny,manual,820.00,TRUE,TRUE,,,,,,,,,,,,,,,
saffron-veil,Saffron Veil,<p>Saffron threads and soft leather over a smoky base. Confident from the first spray.</p>,AZAL,Eau de Parfum,"azal, amber, woody, eau-de-parfum",TRUE,Size,50 ml,AZ-NO4-50,380,shopify,50,deny,manual,720.00,TRUE,TRUE,https://raw.githubusercontent.com/MorhafGhziel/azal/main/themes/shopify/assets/bottle-no4_front.webp,1,"No. 4 — Saffron Veil, bold eau de parfum",FALSE,No. 4 — Saffron Veil — AZAL,Saffron threads and soft leather over a smoky base. Confident from the first spray.,active,No. 4 — Bold,"Saffron, Pink Pepper","Rose, Leather","Oud, Benzoin",A gold thread through the collection: the spice that was once worth more than the cloth it was wrapped in.,One spray is enough. Best in cool evenings.,#f0dcc0,#d9822b
saffron-veil,,,,,,,,100 ml,AZ-NO4-100,520,shopify,50,deny,manual,1040.00,TRUE,TRUE,,,,,,,,,,,,,,,
desert-iris,Desert Iris,"<p>Powdery iris, cool violet leaf and cedar. Soft, grey-lilac, and very still.</p>",AZAL,Eau de Parfum,"azal, floral, musk, eau-de-parfum",TRUE,Size,50 ml,AZ-NO5-50,380,shopify,50,deny,manual,610.00,TRUE,TRUE,https://raw.githubusercontent.com/MorhafGhziel/azal/main/themes/shopify/assets/bottle-no5_front.webp,1,"No. 5 — Desert Iris, quiet eau de parfum",FALSE,No. 5 — Desert Iris — AZAL,"Powdery iris, cool violet leaf and cedar. Soft, grey-lilac, and very still.",active,No. 5 — Quiet,"Violet Leaf, Lemon","Iris, Heliotrope","Musk, Cedar","The flower that blooms after rare desert rain — here for a week, remembered for a year.","On the wrists and the back of the neck, for close company.",#e6e0e6,#b7a9bf
desert-iris,,,,,,,,100 ml,AZ-NO5-100,520,shopify,50,deny,manual,880.00,TRUE,TRUE,,,,,,,,,,,,,,,
discovery-set,Discovery Set,"<p>One 10 ml bottle of each fragrance, to wear for a few days before choosing yours.</p>",AZAL,Discovery set,"azal, set",TRUE,Size,5 × 10 ml,AZ-SET-5x10,250,shopify,50,deny,manual,390.00,TRUE,TRUE,https://raw.githubusercontent.com/MorhafGhziel/azal/main/themes/shopify/assets/bottle-set_front.webp,1,"Discovery Set, all five eau de parfum",FALSE,Discovery Set — AZAL,"One 10 ml bottle of each fragrance, to wear for a few days before choosing yours.",active,All five,No. 1 Rose & Oud · No. 2 Amber Night,No. 3 White Musk · No. 4 Saffron Veil,No. 5 Desert Iris,"The whole house in one box, from the first light of No. 1 to the stillness of No. 5.","One fragrance a day, for five days. Keep the one you miss.",#ece4da,#c9744f
